"PatientID";"SampleIDName";"RunDate";"CatalogID";"BeadID";"Specificity";"RawData";"NC1BeadID";"PC1BeadID";"NC2BeadID";"PC2BeadID";"Rxn";
"6430019";"19s02030";"29-07-2019";"LS2A01NC21_013_00";"001";"-,-,-,-,-,-,-,-,-,-,-,-";"70,96";"";"";"001";"002";"";
"6430019";"19s02030";"29-07-2019";"LS2A01NC21_013_00";"002";"-,-,-,-,-,-,-,-,-,-,-,-";"7402,82";"";"";"001";"002";"";
"6430019";"19s02030";"29-07-2019";"LS2A01NC21_013_00";"003";"DRB1*01:01,-,-,-,-,-,-,-,-,-,-,-";"4362,43";"";"";"001";"002";"8";
"6430019";"19s02030";"29-07-2019";"LS2A01NC21_013_00";"004";"DRB1*01:02,-,-,-,-,-,-,-,-,-,-,-";"4080,51";"";"";"001";"002";"6";
"6430019";"19s02030";"29-07-2019";"LS2A01NC21_013_00";"005";"DRB1*01:03,-,-,-,-,-,-,-,-,-,-,-";"7698,06";"";"";"001";"002";"8";
"6430019";"19s02030";"29-07-2019";"LS2A01NC21_013_00";"006";"DRB1*03:01,-,-,-,-,-,-,-,-,-,-,-";"128,15";"";"";"001";"002";"1";
"6430019";"19s02030";"29-07-2019";"LS2A01NC21_013_00";"007";"DRB1*03:02,-,-,-,-,-,-,-,-,-,-,-";"133,91";"";"";"001";"002";"1";
"6430019";"19s02030";"29-07-2019";"LS2A01NC21_013_00";"008";"DRB1*04:01,-,-,-,-,-,-,-,-,-,-,-";"4104,82";"";"";"001";"002";"6";
"6430019";"19s02030";"29-07-2019";"LS2A01NC21_013_00";"011";"DRB1*04:02,-,-,-,-,-,-,-,-,-,-,-";"6793,63";"";"";"001";"002";"8";
"6430019";"19s02030";"29-07-2019";"LS2A01NC21_013_00";"012";"DRB1*04:04,-,-,-,-,-,-,-,-,-,-,-";"3463,36";"";"";"001";"002";"6";
"6430019";"19s02030";"29-07-2019";"LS2A01NC21_013_00";"013";"DRB1*04:05,-,-,-,-,-,-,-,-,-,-,-";"2460,01";"";"";"001";"002";"6";
"6430019";"19s02030";"29-07-2019";"LS2A01NC21_013_00";"014";"DRB1*07:01,-,-,-,-,-,-,-,-,-,-,-";"3829,97";"";"";"001";"002";"6";
"6430019";"19s02030";"29-07-2019";"LS2A01NC21_013_00";"015";"DRB1*04:03,-,-,-,-,-,-,-,-,-,-,-";"2735,71";"";"";"001";"002";"6";
"6430019";"19s02030";"29-07-2019";"LS2A01NC21_013_00";"016";"DRB1*08:01,-,-,-,-,-,-,-,-,-,-,-";"5376,29";"";"";"001";"002";"8";
"6430019";"19s02030";"29-07-2019";"LS2A01NC21_013_00";"017";"DRB1*09:01,-,-,-,-,-,-,-,-,-,-,-";"2384,77";"";"";"001";"002";"6";
"6430019";"19s02030";"29-07-2019";"LS2A01NC21_013_00";"018";"DRB1*09:02,-,-,-,-,-,-,-,-,-,-,-";"2180,87";"";"";"001";"002";"6";
"6430019";"19s02030";"29-07-2019";"LS2A01NC21_013_00";"019";"DRB1*10:01,-,-,-,-,-,-,-,-,-,-,-";"1521,23";"";"";"001";"002";"4";
"6430019";"19s02030";"29-07-2019";"LS2A01NC21_013_00";"020";"DRB1*11:01,-,-,-,-,-,-,-,-,-,-,-";"8264,63";"";"";"001";"002";"8";
"6430019";"19s02030";"29-07-2019";"LS2A01NC21_013_00";"021";"DRB1*11:04,-,-,-,-,-,-,-,-,-,-,-";"8414,88";"";"";"001";"002";"8";
"6430019";"19s02030";"29-07-2019";"LS2A01NC21_013_00";"022";"DRB1*12:01,-,-,-,-,-,-,-,-,-,-,-";"9829,94";"";"";"001";"002";"8";
"6430019";"19s02030";"29-07-2019";"LS2A01NC21_013_00";"023";"DRB1*12:02,-,-,-,-,-,-,-,-,-,-,-";"7260,52";"";"";"001";"002";"8";
"6430019";"19s02030";"29-07-2019";"LS2A01NC21_013_00";"024";"DRB1*13:01,-,-,-,-,-,-,-,-,-,-,-";"9661,08";"";"";"001";"002";"8";
"6430019";"19s02030";"29-07-2019";"LS2A01NC21_013_00";"025";"DRB1*13:03,-,-,-,-,-,-,-,-,-,-,-";"11396,42";"";"";"001";"002";"8";
"6430019";"19s02030";"29-07-2019";"LS2A01NC21_013_00";"026";"DRB1*14:01,-,-,-,-,-,-,-,-,-,-,-";"629,66";"";"";"001";"002";"4";
"6430019";"19s02030";"29-07-2019";"LS2A01NC21_013_00";"027";"DRB1*14:02,-,-,-,-,-,-,-,-,-,-,-";"2773,16";"";"";"001";"002";"6";
"6430019";"19s02030";"29-07-2019";"LS2A01NC21_013_00";"028";"DRB1*14:54,-,-,-,-,-,-,-,-,-,-,-";"473,64";"";"";"001";"002";"4";
"6430019";"19s02030";"29-07-2019";"LS2A01NC21_013_00";"029";"DRB1*15:01,-,-,-,-,-,-,-,-,-,-,-";"12666,61";"";"";"001";"002";"8";
"6430019";"19s02030";"29-07-2019";"LS2A01NC21_013_00";"030";"DRB1*15:02,-,-,-,-,-,-,-,-,-,-,-";"15340,89";"";"";"001";"002";"8";
"6430019";"19s02030";"29-07-2019";"LS2A01NC21_013_00";"031";"DRB1*15:03,-,-,-,-,-,-,-,-,-,-,-";"14158,28";"";"";"001";"002";"8";
"6430019";"19s02030";"29-07-2019";"LS2A01NC21_013_00";"032";"DRB1*16:01,-,-,-,-,-,-,-,-,-,-,-";"10162,92";"";"";"001";"002";"8";
"6430019";"19s02030";"29-07-2019";"LS2A01NC21_013_00";"033";"DRB1*16:02,-,-,-,-,-,-,-,-,-,-,-";"9751,46";"";"";"001";"002";"8";
"6430019";"19s02030";"29-07-2019";"LS2A01NC21_013_00";"034";"-,-,DRB3*01:01,-,-,-,-,-,-,-,-,-";"139,92";"";"";"001";"002";"1";
"6430019";"19s02030";"29-07-2019";"LS2A01NC21_013_00";"035";"-,-,DRB3*02:02,-,-,-,-,-,-,-,-,-";"144,02";"";"";"001";"002";"1";
"6430019";"19s02030";"29-07-2019";"LS2A01NC21_013_00";"036";"-,-,DRB3*03:01,-,-,-,-,-,-,-,-,-";"125,91";"";"";"001";"002";"1";
"6430019";"19s02030";"29-07-2019";"LS2A01NC21_013_00";"037";"-,-,DRB4*01:01,-,-,-,-,-,-,-,-,-";"417,22";"";"";"001";"002";"2";
"6430019";"19s02030";"29-07-2019";"LS2A01NC21_013_00";"038";"-,-,DRB4*01:03,-,-,-,-,-,-,-,-,-";"331,15";"";"";"001";"002";"2";
"6430019";"19s02030";"29-07-2019";"LS2A01NC21_013_00";"039";"-,-,DRB5*01:01,-,-,-,-,-,-,-,-,-";"9347,02";"";"";"001";"002";"8";
"6430019";"19s02030";"29-07-2019";"LS2A01NC21_013_00";"040";"-,-,DRB5*02:02,-,-,-,-,-,-,-,-,-";"12726,88";"";"";"001";"002";"8";
"6430019";"19s02030";"29-07-2019";"LS2A01NC21_013_00";"041";"-,-,-,-,DQA1*02:01,-,DQB1*02:01,-,-,-,-,-";"79,6";"";"";"001";"002";"1";
"6430019";"19s02030";"29-07-2019";"LS2A01NC21_013_00";"042";"-,-,-,-,DQA1*03:01,-,DQB1*02:01,-,-,-,-,-";"135,21";"";"";"001";"002";"1";
"6430019";"19s02030";"29-07-2019";"LS2A01NC21_013_00";"043";"-,-,-,-,DQA1*04:01,-,DQB1*02:01,-,-,-,-,-";"164,83";"";"";"001";"002";"1";
"6430019";"19s02030";"29-07-2019";"LS2A01NC21_013_00";"044";"-,-,-,-,DQA1*05:01,-,DQB1*02:01,-,-,-,-,-";"83,06";"";"";"001";"002";"1";
"6430019";"19s02030";"29-07-2019";"LS2A01NC21_013_00";"045";"-,-,-,-,DQA1*02:01,-,DQB1*02:02,-,-,-,-,-";"117,89";"";"";"001";"002";"1";
"6430019";"19s02030";"29-07-2019";"LS2A01NC21_013_00";"046";"-,-,-,-,DQA1*02:01,-,DQB1*04:01,-,-,-,-,-";"13617,24";"";"";"001";"002";"8";
"6430019";"19s02030";"29-07-2019";"LS2A01NC21_013_00";"047";"-,-,-,-,DQA1*03:03,-,DQB1*04:01,-,-,-,-,-";"17401,8";"";"";"001";"002";"8";
"6430019";"19s02030";"29-07-2019";"LS2A01NC21_013_00";"048";"-,-,-,-,DQA1*02:01,-,DQB1*04:02,-,-,-,-,-";"16452,32";"";"";"001";"002";"8";
"6430019";"19s02030";"29-07-2019";"LS2A01NC21_013_00";"049";"-,-,-,-,DQA1*04:01,-,DQB1*04:02,-,-,-,-,-";"14317,32";"";"";"001";"002";"8";
"6430019";"19s02030";"29-07-2019";"LS2A01NC21_013_00";"050";"-,-,-,-,DQA1*01:01,-,DQB1*05:01,-,-,-,-,-";"21502,51";"";"";"001";"002";"8";
"6430019";"19s02030";"29-07-2019";"LS2A01NC21_013_00";"051";"-,-,-,-,DQA1*01:02,-,DQB1*05:02,-,-,-,-,-";"18306,26";"";"";"001";"002";"8";
"6430019";"19s02030";"29-07-2019";"LS2A01NC21_013_00";"052";"-,-,-,-,DQA1*01:03,-,DQB1*06:01,-,-,-,-,-";"20062,05";"";"";"001";"002";"8";
"6430019";"19s02030";"29-07-2019";"LS2A01NC21_013_00";"053";"-,-,-,-,DQA1*01:02,-,DQB1*06:02,-,-,-,-,-";"17911,09";"";"";"001";"002";"8";
"6430019";"19s02030";"29-07-2019";"LS2A01NC21_013_00";"054";"-,-,-,-,DQA1*01:01,-,DQB1*06:02,-,-,-,-,-";"19223,36";"";"";"001";"002";"8";
"6430019";"19s02030";"29-07-2019";"LS2A01NC21_013_00";"055";"-,-,-,-,DQA1*01:03,-,DQB1*06:03,-,-,-,-,-";"21744,02";"";"";"001";"002";"8";
"6430019";"19s02030";"29-07-2019";"LS2A01NC21_013_00";"056";"-,-,-,-,DQA1*01:02,-,DQB1*06:04,-,-,-,-,-";"17773,8";"";"";"001";"002";"8";
"6430019";"19s02030";"29-07-2019";"LS2A01NC21_013_00";"057";"-,-,-,-,DQA1*01:02,-,DQB1*06:09,-,-,-,-,-";"22689,9";"";"";"001";"002";"8";
"6430019";"19s02030";"29-07-2019";"LS2A01NC21_013_00";"058";"-,-,-,-,DQA1*03:01,-,DQB1*03:01,-,-,-,-,-";"4019,46";"";"";"001";"002";"6";
"6430019";"19s02030";"29-07-2019";"LS2A01NC21_013_00";"059";"-,-,-,-,DQA1*02:01,-,DQB1*03:01,-,-,-,-,-";"6007,3";"";"";"001";"002";"8";
"6430019";"19s02030";"29-07-2019";"LS2A01NC21_013_00";"060";"-,-,-,-,DQA1*05:03,-,DQB1*03:01,-,-,-,-,-";"9181,59";"";"";"001";"002";"8";
"6430019";"19s02030";"29-07-2019";"LS2A01NC21_013_00";"061";"-,-,-,-,DQA1*05:05,-,DQB1*03:01,-,-,-,-,-";"10512,68";"";"";"001";"002";"8";
"6430019";"19s02030";"29-07-2019";"LS2A01NC21_013_00";"062";"-,-,-,-,DQA1*06:01,-,DQB1*03:01,-,-,-,-,-";"10728,61";"";"";"001";"002";"8";
"6430019";"19s02030";"29-07-2019";"LS2A01NC21_013_00";"063";"-,-,-,-,DQA1*02:01,-,DQB1*03:02,-,-,-,-,-";"10673,89";"";"";"001";"002";"8";
"6430019";"19s02030";"29-07-2019";"LS2A01NC21_013_00";"064";"-,-,-,-,DQA1*03:01,-,DQB1*03:02,-,-,-,-,-";"13832,13";"";"";"001";"002";"8";
"6430019";"19s02030";"29-07-2019";"LS2A01NC21_013_00";"065";"-,-,-,-,DQA1*03:02,-,DQB1*03:02,-,-,-,-,-";"14828,83";"";"";"001";"002";"8";
"6430019";"19s02030";"29-07-2019";"LS2A01NC21_013_00";"066";"-,-,-,-,DQA1*02:01,-,DQB1*03:03,-,-,-,-,-";"12572,13";"";"";"001";"002";"8";
"6430019";"19s02030";"29-07-2019";"LS2A01NC21_013_00";"067";"-,-,-,-,DQA1*03:01,-,DQB1*03:03,-,-,-,-,-";"9218,54";"";"";"001";"002";"8";
"6430019";"19s02030";"29-07-2019";"LS2A01NC21_013_00";"068";"-,-,-,-,DQA1*03:02,-,DQB1*03:03,-,-,-,-,-";"14723,99";"";"";"001";"002";"8";
"6430019";"19s02030";"29-07-2019";"LS2A01NC21_013_00";"069";"-,-,-,-,-,-,-,-,DPA1*01:03,-,DPB1*01:01,-";"13090,26";"";"";"001";"002";"8";
"6430019";"19s02030";"29-07-2019";"LS2A01NC21_013_00";"070";"-,-,-,-,-,-,-,-,DPA1*02:01,-,DPB1*01:01,-";"17684,05";"";"";"001";"002";"8";
"6430019";"19s02030";"29-07-2019";"LS2A01NC21_013_00";"071";"-,-,-,-,-,-,-,-,DPA1*01:03,-,DPB1*02:01,-";"121,6";"";"";"001";"002";"1";
"6430019";"19s02030";"29-07-2019";"LS2A01NC21_013_00";"072";"-,-,-,-,-,-,-,-,DPA1*02:02,-,DPB1*05:01,-";"14308,27";"";"";"001";"002";"8";
"6430019";"19s02030";"29-07-2019";"LS2A01NC21_013_00";"073";"-,-,-,-,-,-,-,-,DPA1*01:03,-,DPB1*03:01,-";"11000,72";"";"";"001";"002";"8";
"6430019";"19s02030";"29-07-2019";"LS2A01NC21_013_00";"075";"-,-,-,-,-,-,-,-,DPA1*01:05,-,DPB1*03:01,-";"9674,96";"";"";"001";"002";"8";
"6430019";"19s02030";"29-07-2019";"LS2A01NC21_013_00";"076";"-,-,-,-,-,-,-,-,DPA1*02:01,-,DPB1*03:01,-";"15604,61";"";"";"001";"002";"8";
"6430019";"19s02030";"29-07-2019";"LS2A01NC21_013_00";"077";"-,-,-,-,-,-,-,-,DPA1*01:03,-,DPB1*04:01,-";"4748,05";"";"";"001";"002";"8";
"6430019";"19s02030";"29-07-2019";"LS2A01NC21_013_00";"078";"-,-,-,-,-,-,-,-,DPA1*01:03,-,DPB1*04:02,-";"101,46";"";"";"001";"002";"1";
"6430019";"19s02030";"29-07-2019";"LS2A01NC21_013_00";"079";"-,-,-,-,-,-,-,-,DPA1*02:01,-,DPB1*05:01,-";"13749,17";"";"";"001";"002";"8";
"6430019";"19s02030";"29-07-2019";"LS2A01NC21_013_00";"080";"-,-,-,-,-,-,-,-,DPA1*02:01,-,DPB1*06:01,-";"11773,85";"";"";"001";"002";"8";
"6430019";"19s02030";"29-07-2019";"LS2A01NC21_013_00";"081";"-,-,-,-,-,-,-,-,DPA1*01:03,-,DPB1*06:01,-";"7526,34";"";"";"001";"002";"8";
"6430019";"19s02030";"29-07-2019";"LS2A01NC21_013_00";"082";"-,-,-,-,-,-,-,-,DPA1*02:01,-,DPB1*09:01,-";"15079,72";"";"";"001";"002";"8";
"6430019";"19s02030";"29-07-2019";"LS2A01NC21_013_00";"083";"-,-,-,-,-,-,-,-,DPA1*02:02,-,DPB1*10:01,-";"12804,95";"";"";"001";"002";"8";
"6430019";"19s02030";"29-07-2019";"LS2A01NC21_013_00";"084";"-,-,-,-,-,-,-,-,DPA1*01:03,-,DPB1*11:01,-";"10431,72";"";"";"001";"002";"8";
"6430019";"19s02030";"29-07-2019";"LS2A01NC21_013_00";"085";"-,-,-,-,-,-,-,-,DPA1*01:03,-,DPB1*28:01,-";"114,52";"";"";"001";"002";"1";
"6430019";"19s02030";"29-07-2019";"LS2A01NC21_013_00";"086";"-,-,-,-,-,-,-,-,DPA1*02:01,-,DPB1*13:01,-";"11064,35";"";"";"001";"002";"8";
"6430019";"19s02030";"29-07-2019";"LS2A01NC21_013_00";"087";"-,-,-,-,-,-,-,-,DPA1*02:02,-,DPB1*13:01,-";"14093,87";"";"";"001";"002";"8";
"6430019";"19s02030";"29-07-2019";"LS2A01NC21_013_00";"088";"-,-,-,-,-,-,-,-,DPA1*03:01,-,DPB1*13:01,-";"9010,55";"";"";"001";"002";"8";
"6430019";"19s02030";"29-07-2019";"LS2A01NC21_013_00";"089";"-,-,-,-,-,-,-,-,DPA1*02:01,-,DPB1*14:01,-";"14159,41";"";"";"001";"002";"8";
"6430019";"19s02030";"29-07-2019";"LS2A01NC21_013_00";"090";"-,-,-,-,-,-,-,-,DPA1*02:01,-,DPB1*15:01,-";"6672,19";"";"";"001";"002";"8";
"6430019";"19s02030";"29-07-2019";"LS2A01NC21_013_00";"091";"-,-,-,-,-,-,-,-,DPA1*02:01,-,DPB1*17:01,-";"13302,88";"";"";"001";"002";"8";
"6430019";"19s02030";"29-07-2019";"LS2A01NC21_013_00";"092";"-,-,-,-,-,-,-,-,DPA1*02:01,-,DPB1*18:01,-";"8284,23";"";"";"001";"002";"8";
"6430019";"19s02030";"29-07-2019";"LS2A01NC21_013_00";"093";"-,-,-,-,-,-,-,-,DPA1*01:05,-,DPB1*18:01,-";"1438,21";"";"";"001";"002";"4";
"6430019";"19s02030";"29-07-2019";"LS2A01NC21_013_00";"094";"-,-,-,-,-,-,-,-,DPA1*01:04,-,DPB1*18:01,-";"1011,35";"";"";"001";"002";"4";
"6430019";"19s02030";"29-07-2019";"LS2A01NC21_013_00";"095";"-,-,-,-,-,-,-,-,DPA1*01:03,-,DPB1*19:01,-";"10710,91";"";"";"001";"002";"8";
"6430019";"19s02030";"29-07-2019";"LS2A01NC21_013_00";"096";"-,-,-,-,-,-,-,-,DPA1*03:01,-,DPB1*20:01,-";"10129,28";"";"";"001";"002";"8";
"6430019";"19s02030";"29-07-2019";"LS2A01NC21_013_00";"097";"-,-,-,-,-,-,-,-,DPA1*01:03,-,DPB1*23:01,-";"1497,57";"";"";"001";"002";"4";
"6430019";"19s02030";"29-07-2019";"LS2A01NC21_013_00";"098";"-,-,-,-,-,-,-,-,DPA1*01:05,-,DPB1*28:01,-";"406,14";"";"";"001";"002";"2";
"6430019";"19s02030";"29-07-2019";"LS2A01NC21_013_00";"099";"-,-,-,-,-,-,-,-,DPA1*04:01,-,DPB1*28:01,-";"5204,93";"";"";"001";"002";"8";
"6430019";"19s02030";"29-07-2019";"LS2A01NC21_013_00";"100";"-,-,-,-,-,-,-,-,DPA1*02:02,-,DPB1*11:01,-";"13220,26";"";"";"001";"002";"8";
